{
	"pages": [{
		"path": "pages/home/home",
		"style": {
			"navigationBarTitleText": "首页",
			"enablePullDownRefresh": false
		}

	}, {
		"path": "pages/category/category",
		"style": {
			"navigationBarTitleText": "商品列表",
			"enablePullDownRefresh": true
		}

	}, {
		"path": "pages/live/live",
		"style": {
			"navigationBarTitleText": "直播",
			"enablePullDownRefresh": false
		}

	}, {
		"path": "pages/hero/hero",
		"style": {
			"navigationBarTitleText": "英雄",
			"enablePullDownRefresh": false
		}

	}, {
		"path": "pages/user/user",
		"style": {
			"navigationBarTitleText": "",
			"enablePullDownRefresh": false,
			"navigationStyle":"custom"
		}

	}    ,{
            "path" : "pages/goods-details/goods-details",
            "style" :                                                                                    
            {
                "navigationBarTitleText": "商品详情",
                "enablePullDownRefresh": false
            }
            
        }
        ,{
            "path" : "pages/rooms/rooms",
            "style" :                                                                                    
            {
                "navigationBarTitleText": "",
                "enablePullDownRefresh": true
            }
            
        }
    ],
	"globalStyle": {
		"navigationBarTextStyle": "black",
		"navigationBarTitleText": "uni-app",
		"navigationBarBackgroundColor": "#F8F8F8",
		"backgroundColor": "#F8F8F8",
		"app-plus": {
			"background": "#efeff4"
		}
	},
	"tabBar": {
		"color": "#7A7E83",
		"selectedColor": "#db4890",
		"borderStyle": "black",
		"backgroundColor": "#ffffff",
		"list": [{
				"pagePath": "pages/home/home",
				"iconPath": "static/tabbar/normal/home.png",
				"selectedIconPath": "static/tabbar/selected/home.png",
				"text": "首页"
			}, {
				"pagePath": "pages/category/category",
				"iconPath": "static/tabbar/normal/fenlei.png",
				"selectedIconPath": "static/tabbar/selected/fenlei.png",
				"text": "分类"
			},
			{
				"pagePath": "pages/live/live",
				"iconPath": "static/tabbar/normal/game.png",
				"selectedIconPath": "static/tabbar/selected/game.png",
				"text": "游戏直播"
			},
			{
				"pagePath": "pages/hero/hero",
		 	"iconPath": "static/tabbar/normal/yx.png",
				"selectedIconPath": "static/tabbar/selected/yx.png",
				"text": "英雄"
			},
			{
				"pagePath": "pages/user/user",
				"iconPath": "static/tabbar/normal/user.png",
				"selectedIconPath": "static/tabbar/selected/user.png",
				"text": "我的"
			}
		]
	}
}
